Video	123456	234567
lsdkfj pqo	x
asfoiwe iewnf	x	x
asdlfkj oweinfe	x
weoine	x
aghjer qthth	x	x
fqfewf ewfds fds	x
asdf gerghh5	x	x
jkgk g	x
fge3ge er	x	x
asdg kgkut6 g	x	x
lkgh 6rth	x	x
hgkfgd shytht	x
hjdj gfd	x
kjsdfhdsifue e	x	x
lskjfp fosdifn sdf	x
jdsfn jdksf dsifoqib wwwe	x
kljsdfklj skldfjpowen wwef	x
kljsdf	x
jksdfh isduffbe ueo	x	x
kjfoiwu wepore	x
lkjdsf ieowub	x
oisdnf sdiofsdin	x	x
;lkjdsf posdifn	x	x
jklsdjf owienf ggsdf	x	x
lksjd fpwien fw9	x
ihosp foisndf oisn	x	x
l;kjsd posndfin ggds	x	x
ljkdsf lksdofin panf	x	x
jkjpoi weoin gnklncei	x	x
kl;jsadf poing hqwe fjwef	x	x
sdf	x	x
jkalsj poinewg	x	x
